Predicted_Class;True Class;Probability_Class_0;Probability_Class_1
0;0;0.9998301;0.00016988245
1;1;5,95993E-12;1.0
1;1;1,12518E-20;1.0
0;0;0.9961152;0.0038848347
1;1;0.0022133465;0.99778664
1;1;2,26288E-13;1.0
0;0;1.0;0,000304642
1;0;0.09653182;0.9034682
1;1;0.066169836;0.9338302
1;1;0,48233787;1.0
0;0;1.0;0,19104789
1;1;0.05496185;0.9450381
0;0;0.8242292;0.17577083
0;0;0.9999858;14,18771
0;0;0.99999964;3,4564957
0;0;0.99999607;39,189636
1;1;2,98741E-09;1.0
0;0;0.9999994;5,3974674
1;1;0,18488834;1.0
1;1;2,59798E-07;1.0
1;1;0.17247985;0.82752013
0;0;1.0;0,000317449
0;0;0.89291465;0.10708539
1;1;0.0;1.0
0;0;1.0;0,29724136
1;1;0,45201823;1.0
1;1;0.00018091885;0.9998191
1;1;6,15975E-05;1.0
0;0;1.0;0,029421676
1;1;0.0001252786;0.9998747
0;0;0.9999993;7,6174285
1;1;2,91219E-06;1.0
1;1;1,34137E-05;1.0
0;0;0.9999856;1447,11075
1;1;0.38700253;0.6129975
0;0;0.9032531;0.09674696
0;0;0.95864284;0.041357186
1;1;8,028882;0.999992
1;1;9,36702E-23;1.0
0;0;1.0;0,050656257
0;0;0.99999905;0,9848982
0;0;0.9999088;9,11727
1;1;0,001342021;1.0
1;1;0.24090691;0.7590931
1;1;5,65744E-24;1.0
0;0;1.0;5,81736E-05
0;0;1.0;0,008395291
1;1;0.0;1.0
1;1;0,51277464;1.0
1;1;8,17477E-05;1.0
0;0;1.0;0,002736935
1;1;0,35152286;1.0
0;0;0.96226186;0.037738144
1;1;8,09728E-18;1.0
0;0;0.99988914;0.00011081725
1;1;0.0002478467;0.9997521
0;0;1.0;0,002567882
0;0;0.9807569;0.019243114
0;0;0.9970139;0.0029860782
1;1;2,29086E-20;1.0
0;0;1.0;0,067527735
1;1;8,39218E-06;1.0
1;1;0.0003495244;0.9996505
1;1;0.00032281296;0.9996772
0;0;1.0;0,12258892
1;1;1,32639E-08;1.0
0;0;0.997908;0.002092001
1;1;0.0;1.0
1;1;0.0;1.0
1;0;0.40162235;0.59837765
1;1;0.39357707;0.6064229
1;1;0.0056147305;0.99438524
0;0;1.0;0,24510737
0;0;1.0;0,007855784
0;0;0.99999964;3,1240657
0;0;1.0;0,000969105
1;1;0.007781589;0.9922184
0;0;1.0;0,007604203
0;0;0.93554354;0.06445653
0;1;0.9933782;0.0066217943
0;0;0.99920386;0.00079617556
0;0;1.0;0,027668432
0;0;0.9857244;0.014275638
1;1;1,69562E-08;1.0
0;0;0.9999764;236,15685
1;1;7,42793E-12;1.0
1;1;0,52665566;1.0
0;0;0.7570563;0.24294366
0;0;0.8857623;0.11423771
0;0;0.99999225;7,719558
1;1;3,01518E-08;1.0
1;1;320,10063;0.99996793
0;0;0.9284335;0.071566544
0;0;1.0;0,001762523
0;0;0.999992;7,928921
1;1;3,893576;0.99999607
1;1;2,94399E-28;1.0
0;0;0.78297704;0.21702294
0;0;0.8931928;0.10680715
1;1;0.091512635;0.9084874
0;0;1.0;0,000519349
1;1;0.00040346288;0.99959654
0;0;0.99999666;32,864068
0;0;0.99248403;0.007515986
0;0;0.9576601;0.04233995
1;1;3,47845E-22;1.0
1;1;0.0001602311;0.9998398
0;0;0.9997435;0.00025647526
0;0;0.9999999;1,2990077
0;0;0.9994123;0.0005876863
0;0;0.8404355;0.1595645
0;0;0.89762986;0.10237016
0;0;0.99998987;100,87381
1;1;93,26841;0.9999068
1;1;0,073262925;1.0
1;1;2,36871E-08;1.0
0;0;0.99998486;151,11541
1;1;0.0;1.0
0;0;1.0;0,38095127
1;1;0.057632238;0.94236773
0;0;1.0;1,70136E-05
0;0;1.0;0,00815407
1;1;2,27702E-05;1.0
1;1;0.0;1.0
1;1;0,49457736;1.0
1;1;3,9518E-19;1.0
0;0;0.9999999;0,98312675
0;0;0.9999975;25,623622
0;0;1.0;0,57400985
1;1;9,502068;0.99999046
0;0;0.9999975;25,194581
1;1;0.0;1.0
0;0;0.9999213;78,64881
0;0;1.0;1,15035E-05
1;1;0.00024053942;0.9997595
1;1;0.0028562287;0.9971438
0;0;1.0;7,42605E-06
0;0;0.99988914;0.00011091093
1;1;5,81741E-18;1.0
1;1;0.00019739196;0.99980265
0;0;1.0;0,067973813
0;0;1.0;0,000232787
1;1;283,62805;0.9999716
1;1;0.005345907;0.99465406
0;0;0.9260826;0.07391737
1;1;1,57666E-27;1.0
0;0;0.99999976;0,2532104
1;1;1,947E-16;1.0
0;0;1.0;0,001759454
0;0;0.9999994;0,5518919
0;0;1.0;0,004560986
1;1;12,804394;0.9999987
0;0;0.9999999;0,07228205
0;0;0.98608625;0.013913805
0;0;0.75435066;0.24564935
0;0;0.9999999;0,06991107
1;1;7,00804E-10;1.0
0;0;0.9999957;4,347127
1;1;3,95543E-05;1.0
0;0;0.99999917;0,8763735
0;0;1.0;0,019130375
1;1;4,3615E-19;1.0
1;1;0.0005369198;0.99946314
1;1;0,001629747;1.0
1;1;1,37612925;1.0
1;1;0.0;1.0
0;0;0.9999999;0,65898845
0;0;0.9996693;0.0003307021
0;0;0.9999999;0,72884966
0;0;0.97910714;0.020892885
1;1;4,50067E-12;1.0
1;1;0.0;1.0
0;0;1.0;0,027530354
1;1;0.05449176;0.94550824
1;1;5,14889E-27;1.0
0;0;0.9993362;0.0006637492
0;0;0.98596096;0.014039027
0;0;1.0;0,000609583
1;1;2,18963E-22;1.0
0;0;1.0;0,041422417
0;0;0.91281855;0.08718143
0;1;0.52477866;0.4752213
1;1;0,15582884;1.0
1;1;1,79551E-20;1.0
0;0;1.0;0,003338219
0;0;0.9999733;267,15727
0;0;0.9368369;0.0631631
1;1;4,59787E-08;1.0
1;1;0,040234305;1.0
0;0;1.0;0,035684187
1;1;0.0005851408;0.9994149
0;0;0.99986935;0.0001306058
0;0;1.0;0,005564266
0;0;0.97156966;0.02843041
0;0;0.9999999;0,1393786
0;0;0.99981755;0.00018246764
1;1;6,09758E-23;1.0
0;0;0.9492555;0.050744534
1;1;0,005032917;1.0
0;0;0.9999479;52,14505
0;0;1.0;0,000438831
0;0;0.8159109;0.18408911
1;1;194,00153;0.99998057
0;0;1.0;0,12792143
0;0;0.9991277;0.00087236677
1;0;0.08035891;0.9196411
0;0;1.0;0,009598872
1;1;0.00011056751;0.9998894
0;0;1.0;0,022780975
1;1;0.0;1.0
1;0;0.13435024;0.8656497
1;1;0,009301642;1.0
1;1;2,23521E-30;1.0
1;1;1,00847E-07;1.0
0;0;0.91075075;0.089249276
0;0;1.0;5,10684E-05
1;0;0.43951282;0.56048715
1;1;486,10447;0.99995136
1;1;8,7266886;0.99999917
0;0;0.9999999;0,66377325
1;1;93,47729;0.99990654
0;0;0.9999393;606,54696
1;1;1,53162E-22;1.0
1;1;6,47094E-23;1.0
1;1;0.0;1.0
1;1;5,19037E-09;1.0
1;1;0,09995806;0.9999999
0;0;0.9999989;10,496951
1;1;8,053837;0.9999919
1;1;456,78888;0.99995434
1;1;0.0;1.0
1;1;0.0017946723;0.9982053
0;0;1.0;0,066284565
1;1;0.059668526;0.9403315
0;0;0.99999905;9,2878014
0;0;0.9999293;706,81584
0;0;0.99999964;0,3175418
1;1;0.0;1.0
1;1;3,04275E-05;1.0
1;1;2,11617E-05;1.0
1;1;8,85174E-11;1.0
0;0;1.0;1,43566E-05
1;1;2,63075E-06;1.0
1;1;0,09135094;0.9999999
1;1;0.0044682613;0.9955317
0;0;0.99757415;0.002425835
1;1;0,000621681;1.0
1;1;7,5087E-27;1.0
0;0;1.0;0,004884926
0;0;0.9999999;0,07610952
0;0;1.0;1,23394495
1;1;0.0011074692;0.9988926
1;1;7,451065;0.9999925
1;1;0,54732403;1.0
1;1;5,09886E-32;1.0
0;0;0.99986887;0.0001311543
1;1;93,07446;0.9999069
0;0;1.0;0,57012105
1;1;0.0;1.0
0;0;0.5161076;0.4838924
0;0;0.9999999;0,09968846
0;0;1.0;1,89747E-08
0;0;0.9999999;1,1195263
0;0;0.99899477;0.0010052397
0;0;1.0;0,000151006
1;1;0.027878702;0.97212136
0;0;0.9927503;0.007249642
0;0;1.0;6,72973E-05
1;1;5,16118E-11;1.0
0;0;0.8334168;0.16658318
0;0;0.9999988;11,526918
1;1;0,02618357;1.0
0;0;0.9998336;0.00016638459
0;0;0.8928194;0.10718056
0;0;1.0;7,27549E-19
0;0;0.99667513;0.0033248065
1;1;5,89301E-15;1.0
0;0;1.0;1,2746E-05
0;0;1.0;6,19541E-05
1;0;0.08647441;0.91352564
0;0;0.9999672;328,39587
1;1;0,09604533;0.9999999
0;0;0.9701633;0.0298367
1;1;0.024539975;0.97546005
1;1;3,96896E-12;1.0
1;1;0,000114128;1.0
1;1;3,29001E-23;1.0
1;1;0.10213451;0.8978655
1;1;0,000195209;1.0
0;0;0.9997677;0.00023229713
1;1;0,9309305;0.99999905
0;0;0.9070377;0.09296235
1;1;27,06783;0.99997294
0;0;1.0;0,005062417
0;0;0.9999951;4,934824
0;0;1.0;0,004818133
0;0;0.9999999;0,1391909
0;0;0.82362247;0.17637756
0;0;0.999861;0.00013902455
0;0;0.9999989;10,539402
0;0;0.9999993;7,5415034
0;1;0.9717581;0.028241867
1;1;0,019619557;1.0
0;0;0.82976675;0.17023332
0;0;0.94648653;0.053513475
1;1;5,39491E-16;1.0
0;0;0.91177243;0.08822764
1;1;5,23401E-25;1.0
0;0;1.0;0,22311829
1;1;0,004381675;1.0
0;0;1.0;0,002355761
0;0;1.0;0,000531714
0;0;0.9989779;0.001022169
0;0;1.0;0,57400985
1;1;2,85577E-17;1.0
0;0;1.0;0,000910083
0;0;0.9204592;0.07954074
1;1;4,64587E-13;1.0
0;0;0.6362865;0.36371347
1;1;1,32016E-05;1.0
0;0;1.0;0,030074327
0;0;0.9999999;0,06506405
0;0;0.9999896;103,19347
1;1;4,485101;0.99999547
1;1;3,38975E-09;1.0
1;1;7,98191E-06;1.0
1;1;8,54031E-12;1.0
0;0;1.0;0,041958765
0;0;0.9999993;7,7213167
0;0;0.9998454;0.00015463386
1;1;1,04492E-11;1.0
1;1;2,8514694;0.99999976
1;1;4,1809E-17;1.0
0;0;0.99992335;76,65303
1;1;0,23617602;1.0
1;1;0,000334858;1.0
1;1;0,16915447;1.0
0;0;0.9807098;0.019290237
1;1;0.0017284942;0.99827147
0;0;1.0;0,025970284
0;0;0.9851046;0.014895389
0;0;0.9996401;0.0003599049
1;1;0.089124836;0.91087514
0;0;0.99999976;2,0863784
1;1;3,8679622;0.99999964
0;0;0.9678196;0.032180417
1;1;8,1922E-27;1.0
0;0;0.9999999;0,95848065
1;1;25,822126;0.9999974
1;1;0.29363307;0.70636696
1;0;0.47604516;0.5239548
1;1;3,25277E-08;1.0
1;1;0.0;1.0
0;0;0.9999907;9,346586
1;1;0.0048175836;0.99518245
0;0;0.98917514;0.010824809
1;1;3,67142E-18;1.0
1;1;0.0;1.0
0;0;0.9999881;1197,26665
1;1;5,439175;0.9999945
0;0;1.0;0,02794498
1;1;0.0;1.0
0;0;1.0;0,030628384
0;0;1.0;0,001747431
0;0;0.9999833;166,94066
1;1;0.09956003;0.90044
0;0;0.9985813;0.0014187417
1;1;3,63171E-05;1.0
1;1;0,000739143;1.0
0;0;0.99762005;0.0023799369
1;1;9,32306E-32;1.0
1;1;0.0;1.0
0;0;1.0;7,7004E-06
1;1;0.023122866;0.97687715
1;1;0.0;1.0
1;1;2,98935E-09;1.0
0;0;1.0;0,033872927
1;1;0.00033344375;0.9996666
0;1;0.9999801;198,66418
1;1;4,21326E-08;1.0
1;1;0.011707887;0.98829216
1;1;0.0;1.0
1;0;0.3025028;0.69749725
1;1;0,0731405;0.9999993
0;0;0.99999535;4,606989
1;1;0,058345155;1.0
0;0;1.0;0,005210906
1;1;8,81867E-12;1.0
1;1;9,94941E-30;1.0
1;1;0,003469074;1.0
1;1;0.2846539;0.71534616
0;0;0.99998903;109,84652
1;1;0,013981727;1.0
1;1;5,5653E-07;1.0
0;0;0.8745288;0.12547116
0;0;1.0;6,24716E-07
1;1;3,39495E-16;1.0
1;1;0.0;1.0
0;0;0.9980775;0.0019225103
1;1;0.0;1.0
0;0;0.99998116;188,09706
0;0;1.0;0,020093596
0;0;1.0;0,012877868
1;1;0.013172161;0.98682785
0;0;0.9673315;0.032668505
1;1;4,199224;0.9999958
1;1;0,00029941;1.0
0;0;1.0;0,013907838
1;1;1,73582E-12;1.0
1;1;0.09957777;0.9004222
0;0;1.0;0,001154149
1;1;0.41227788;0.5877221
1;1;2,23152E-15;1.0
0;0;0.99999976;2,7418446
1;1;1,02516E-11;1.0
1;0;0.03571199;0.96428806
0;0;1.0;0,015199559
1;1;1,75296E-19;1.0
0;0;1.0;0,003763648
0;0;1.0;0,43716117
0;0;0.99999607;3,920373
1;1;0,015312753;1.0
1;1;0.0010622714;0.9989378
0;0;1.0;0,15234223
0;0;0.9960907;0.0039092847
1;1;52,18584;0.9999478
0;0;0.99999774;2,207987
1;1;0.0045372667;0.9954627
1;1;5,50281E-05;1.0
1;1;128,95425;0.9999871
1;1;0.0;1.0
1;1;0,067673436;1.0
0;0;1.0;0,36635306
0;0;0.99975353;0.0002464983
0;0;1.0;0,003068403
1;1;23,442358;0.9999976
1;1;0.00086885813;0.99913114
0;0;0.94084805;0.059151936
1;1;909,60035;0.99990904
0;0;1.0;0,013366827
0;0;0.91849476;0.081505276
1;1;0.0;1.0
1;1;1,54068E-11;1.0
1;1;0.0037800667;0.99621993
0;0;0.9999993;7,1621594
0;0;0.96839315;0.031606887
1;1;181,50475;0.9999819
1;1;1,46499E-09;1.0
1;1;0.0002291398;0.9997708
1;1;2,1827869;0.99999976
1;1;3,78723E-08;1.0
0;0;1.0;0,004934436
1;1;2,0497E-08;1.0
0;0;1.0;0,000823431
0;0;1.0;0,006619915
1;1;0,00102294;1.0
0;0;0.9915087;0.008491332
1;1;356,82442;0.99996436
0;0;1.0;1,54755E-06
0;0;0.99994624;53,72557
1;1;0.00034228203;0.99965775
1;1;1,20461E-21;1.0
1;1;0.0;1.0
1;1;5,18502E-10;1.0
1;1;0.016970221;0.9830298
1;1;0,89557744;0.9999999
1;1;147,51018;0.9999852
1;1;0.014206169;0.9857939
0;0;1.0;0,22399627
0;0;0.9982122;0.0017877535
1;1;4,83262E-12;1.0
1;1;0.0;1.0
0;0;0.9999994;6,2380946
0;0;0.97694594;0.023054076
1;1;0.0;1.0
0;0;0.9999765;234,61245
0;0;1.0;0,004305131
1;1;0,03281626;1.0
0;0;1.0;0,002343696
0;0;0.99919206;0.0008079266
0;0;0.9999999;0,70855876
1;1;0.00011557145;0.99988437
1;1;0.000104378516;0.9998956
0;0;0.9999999;0,77518926
0;0;1.0;0,00178495
0;0;0.99999976;2,9639082
0;0;0.9999925;75,306752
1;1;4,98807;0.9999502
1;1;0.0;1.0
0;0;0.99999976;1,8425365
1;1;0,043929402;1.0
1;1;0.119799644;0.8802004
0;0;0.99654216;0.0034578159
0;0;1.0;0,001041718
0;0;0.9999999;0,78716695
1;1;0,073029094;1.0
0;0;0.99999726;27,761387
0;0;0.8446992;0.15530081
0;0;0.9999839;161,30087
0;0;0.9999794;20,58287
1;1;3,2634034;0.99999964
0;0;0.51576775;0.48423225
1;1;13,359412;0.9999987
0;0;1.0;0,000258828
0;0;0.93932164;0.060678426
0;1;0.99920374;0.0007963076
1;1;0.011641105;0.98835886
1;1;0,5833272;0.9999994
0;0;0.99987566;0.0001243772
0;0;0.99999917;0,8046444
0;0;0.92322004;0.07677998
0;0;0.8270922;0.1729078
0;0;1.0;0,032750087
1;1;254,48684;0.9999746
0;0;0.6707203;0.32927972
1;1;0.0;1.0
1;1;228,23015;0.99997723
1;1;0.0;1.0
1;1;0,05104775;1.0
1;1;1,30073E-15;1.0
1;1;0.0;1.0
0;0;0.99999833;16,161463
1;1;0.06354403;0.936456
0;0;0.9995716;0.00042841383
0;0;0.9996512;0.00034879506
1;1;5,20983E-31;1.0
0;0;1.0;0,000707257
0;0;0.99999964;3,3914066
0;0;1.0;0,01585124
0;0;1.0;1,59548E-05
0;0;0.9999999;0,86371635
1;1;0.00010172456;0.9998983
0;0;0.99998546;144,92969
0;0;0.997897;0.002102993
1;1;1,12632E-21;1.0
1;1;6,83492E-06;1.0
0;0;0.9985454;0.0014546502
1;1;0.0005119777;0.999488
0;1;0.5545354;0.4454646
0;0;0.9788979;0.021102114
1;1;1,49642E-06;1.0
0;0;0.9999999;0,06686986
0;0;1.0;0,21168946
1;1;2,78655E-10;1.0
0;0;0.9999989;10,820249
1;1;0.0;1.0
0;0;1.0;1,65712E-05
1;1;0.23199216;0.7680079
0;0;1.0;0,04111624
1;1;207,09627;0.99997926
0;0;1.0;0,013009752
0;0;0.9258336;0.0741664
0;0;1.0;0,14606912
0;0;1.0;0,00211529
0;0;0.98674786;0.013252159
1;0;0.095765285;0.9042347
0;0;0.95782006;0.042179987
1;1;3,52829E-24;1.0
0;0;1.0;0,13103646
0;0;0.9979311;0.0020688204
1;1;5,48938E-11;1.0
1;1;0.00091200654;0.99908805
1;1;1,63746E-29;1.0
1;0;0.49579376;0.5042063
1;1;2,01938E-17;1.0
1;1;0.00025173463;0.9997483
0;0;0.97199696;0.02800299
1;1;9,29772E-13;1.0
0;0;0.9796194;0.02038064
1;1;4,957928;0.999995
0;0;0.96317965;0.036820404
1;1;9,26403E-16;1.0
1;1;0.0;1.0
0;0;0.9999988;11,801318
1;1;0.2393362;0.7606638
1;1;236,51317;0.9999764
0;0;0.9999999;0,08520141
1;1;2,37944E-06;1.0
1;1;0.28192216;0.71807784
0;0;0.99999976;2,6778264
1;1;0.0;1.0
0;0;0.9776964;0.022303533
1;1;2,40202E-07;1.0
1;1;0.03052464;0.9694754
0;1;0.91782355;0.08217641
0;0;1.0;0,41516564
1;1;0,034130783;1.0
0;0;0.9999869;131,43318
1;1;0,65340885;0.9999999
1;1;0.2611091;0.7388909
0;0;1.0;5,69998E-05
0;0;1.0;0,002465542
1;1;0.24222086;0.7577791
1;1;0.09917465;0.9008253
0;0;0.9171741;0.082825914
1;1;0.4151892;0.5848108
1;1;7,26681E-10;1.0
0;0;0.98166704;0.018332899
0;0;0.99822146;0.001778515
1;1;21,33498;0.99997866
1;1;6,61897E-12;1.0
0;0;0.9178673;0.08213263
0;0;0.83554476;0.16445525
1;1;0.0;1.0
1;1;6,70399E-09;1.0
1;1;4,4353E-22;1.0
0;0;0.9999999;0,06853886
1;1;0,002346617;1.0
1;1;4,77939E-06;1.0
1;1;36,356114;0.9999964
0;1;0.65406156;0.34593838
0;0;1.0;0,002419754
0;0;0.99271834;0.0072817113
0;0;0.9999999;0,08633671
1;1;7,54189E-19;1.0
1;1;0.022630328;0.9773696
0;0;0.9994711;0.00052886084
0;0;1.0;0,006620471
0;0;0.99999726;26,834402
0;0;0.9997273;0.0002726392
1;1;0.10867868;0.8913213
0;0;1.0;0,00518142
0;0;1.0;0,03984773
0;0;0.94608355;0.053916432
1;1;7,18285E-05;1.0
0;0;1.0;6,41326E-07
0;0;0.997869;0.002130931
1;1;0,000654623;1.0
1;1;0.0;1.0
1;1;8,77085E-14;1.0
1;1;2,01221E-07;1.0
0;0;1.0;0,002913264
0;0;1.0;0,000223914
1;1;725,73515;0.9999274
1;1;1,5478264;0.9999999
1;1;1,45054E-12;1.0
1;1;9,57227E-05;1.0
0;0;0.9999956;44,201424
1;1;0.003253334;0.99674666
1;1;0.0;1.0
1;1;0.0012422955;0.9987577
0;0;0.9994307;0.00056924316
0;0;0.9999999;1,0723832
1;1;0,007477031;1.0
0;0;0.9996208;0.00037919925
0;0;0.9999751;249,22461
0;0;1.0;0,011269702
0;0;0.6454336;0.35456634
1;1;2,87105E-13;1.0
1;1;0.26879478;0.7312052
1;1;0.0014287845;0.99857116
1;1;76,72469;0.9999232
1;1;0.0;1.0
1;1;1,39202925;1.0
1;1;2,41389E-11;1.0
1;1;4,0728E-16;1.0
1;0;0.44098967;0.5590104
1;1;2,45054E-11;1.0
1;1;762,71106;0.9999237
0;0;0.9731073;0.026892679
1;1;0.0;1.0
0;0;1.0;0,000325072
1;1;0.0;1.0
1;1;0.20746012;0.79253983
0;0;1.0;7,91404E-05
0;0;1.0;0,05808669
1;1;0.0;1.0
1;1;3,40499E-12;1.0
1;1;0.0;1.0
1;1;2,13612E-08;1.0
0;0;0.99999976;2,1092454
1;1;4,98384E-10;1.0
1;1;4,41827E-10;1.0
0;0;0.97975725;0.020242753
1;1;2,9871E-26;1.0
0;0;0.99999785;21,816288
0;1;0.99430895;0.0056910776
0;0;0.99719656;0.0028033785
0;0;0.93372095;0.066279024
1;1;7,62736E-17;1.0
0;0;0.9999995;0,4867639
1;1;1,42229E-09;1.0
0;0;1.0;0,42520078
1;1;8,11355E-09;1.0
1;1;0.0008447475;0.9991553
0;0;1.0;0,21201352
1;1;0.0;1.0
0;0;0.9546456;0.04535444
1;1;0.00023791619;0.9997621
0;0;0.99985754;0.00014246473
1;1;1,3313E-10;1.0
0;0;1.0;0,000273054
0;0;0.9994879;0.0005121141
1;1;6,96637E-15;1.0
1;1;0.0;1.0
0;0;0.95346904;0.046531007
1;1;3,2969345;0.99999964
1;1;0,001294064;1.0
1;1;12,117467;0.9999988
1;1;1,6907E-20;1.0
0;0;0.99999964;0,4165272
0;0;1.0;0,25366468
1;1;0.1491116;0.85088843
1;1;0,046436766;1.0
0;0;0.99999964;3,8781934
1;1;4,67946E-07;1.0
0;0;0.9999676;3,24541
0;0;0.9999255;7,45455
1;1;1,29115E-05;1.0
1;1;0.00043034388;0.9995696
1;1;3,25659E-07;1.0
1;1;0.0027894487;0.99721056
1;1;1,89757E-08;1.0
1;1;0.3459159;0.6540841
0;0;1.0;0,001857301
0;0;0.98091185;0.019088134
1;1;0,02457496;1.0
1;1;0.06000314;0.93999684
0;0;0.9999634;36,59809
0;0;1.0;0,005131168
1;1;2,13712E-14;1.0
1;1;4,65043E-09;1.0
0;0;0.9999995;0,4687685
1;1;0.0;1.0
1;1;0.0;1.0
0;0;0.9999999;1,6505811
1;1;0.0;1.0
1;1;4,1547E-07;1.0
1;1;0,13632759;1.0
1;1;3,6372E-10;1.0
1;1;2,71071E-12;1.0
0;0;1.0;0,001426091
1;1;0.059969917;0.94003004
1;1;0,46174303;1.0
1;1;7,69308E-16;1.0
1;1;0.07957553;0.9204245
1;1;0.0061503043;0.9938497
1;1;0.0043918504;0.99560815
0;0;0.9505357;0.049464263
1;1;0.00033173655;0.99966824
1;1;0.00015232163;0.99984765
1;1;0.0;1.0
1;1;3,12542E-15;1.0
1;1;910,55495;0.9999089
1;1;1,50022E-07;1.0
1;1;0.0002456799;0.99975437
1;1;4,91399E-12;1.0
1;1;0,028413962;1.0
0;0;0.9999999;0,09878767
1;1;0.0002684414;0.9997316
0;0;1.0;0,15806918
0;0;0.9999943;5,674204
1;1;0.0;1.0
0;0;1.0;0,17984364
1;1;0.0006488263;0.9993512
0;0;0.94394636;0.05605359
1;1;1,53482E-15;1.0
0;0;0.99997866;212,85532
1;1;11,2787006;0.9999999
0;0;1.0;1,67606E-05
0;0;0.7952124;0.20478757
0;0;1.0;0,001271686
0;1;0.868603;0.13139702
1;1;0,000198298;1.0
1;1;0.0024604253;0.99753964
0;0;0.99999964;0,3260361
1;1;0,001530633;1.0
0;0;0.9999442;557,64132
0;0;1.0;0,26143848
0;0;1.0;0,007938491
0;0;1.0;0,000240889
0;0;1.0;0,000311856
1;1;0.0004451399;0.9995548
1;1;3,7076632;0.99999964
1;1;4,39484E-15;1.0
1;1;1,23481E-24;1.0
1;1;0.11689016;0.8831098
0;0;0.99999154;8,448261
0;0;0.9999497;50,31876
0;0;1.0;0,50275503
1;1;0.0;1.0
1;1;0.0015945096;0.9984055
1;1;0.032530818;0.9674692
1;1;3,69898E-05;1.0
0;0;0.99998677;132,19924
0;0;0.999997;30,010967
1;1;1,71493E-16;1.0
1;1;0.062337566;0.9376625
1;1;0.00011557145;0.99988437
0;0;1.0;0,011406766
0;0;0.9999894;105,68475
0;1;0.70340276;0.29659727
1;1;2,7226E-25;1.0
1;1;0.0;1.0
0;0;1.0;0,034753138
0;0;1.0;0,000197632
0;0;0.9918977;0.00810229
1;1;0,031306369;1.0
1;1;573,53132;0.99994266
0;0;1.0;0,030050074
1;1;3,86223E-08;1.0
1;1;1,79029E-06;1.0
0;0;0.9999999;0,08904064
0;0;0.999997;30,259935
0;0;1.0;0,074318067
1;1;0,021366444;1.0
1;1;1,87194E-30;1.0
0;0;0.99971825;0.00028169842
1;1;0,004240958;1.0
0;0;0.95890266;0.041097384
0;0;0.9999974;2,599067
1;1;2,03464E-06;1.0
0;0;0.9759371;0.024062868
0;0;0.9999838;162,62318
1;1;1,39844E-07;1.0
1;1;0.04908753;0.95091254
1;0;0.15601563;0.84398437
0;0;1.0;0,000121275
0;0;1.0;0,005842453
0;0;0.9999976;2,393579
0;0;0.98958594;0.010414093
0;0;0.99998903;109,21247
1;1;0,98577615;0.9999999
0;0;0.9919219;0.008078107
0;0;0.99999344;65,805857
0;0;1.0;6,63328E-05
1;1;0,10492449;1.0
1;1;0,000729981;1.0
1;1;0,002490358;1.0
0;0;0.91081005;0.08919
1;1;0.24381256;0.75618744
1;1;7,321822;0.9999927
1;1;0,50539125;1.0
0;0;0.9999994;0,5598312
1;1;1,99168E-10;1.0
0;0;0.99999905;9,0529437
0;0;0.9985978;0.0014022548
1;1;7,58124E-10;1.0
0;0;0.9990746;0.0009254153
1;1;0.0;1.0
0;0;0.9997241;0.00027594867
0;0;0.9994956;0.00050437055
1;1;2,42819E-13;1.0
1;1;0.0;1.0
1;1;13,166776;0.9999987
1;1;0,000316752;1.0
1;1;0.012471375;0.98752856
1;1;1,5081405;0.9999999
1;1;47,582002;0.99999523
1;1;11,287691;0.9999989
1;1;0,027059268;1.0
1;0;0.38155627;0.6184437
0;0;1.0;0,58789226
1;1;96,12286;0.9999039
1;1;2,8079845;0.99999976
0;0;0.92607045;0.07392958
1;1;1,25351E-12;1.0
1;1;3,66067E-16;1.0
0;0;0.99999845;14,960773
0;0;0.9061805;0.093819514
0;0;0.995695;0.004305042
1;1;0.0003588651;0.9996412
1;1;0,012940803;1.0
1;1;0.0008878649;0.99911207
0;0;1.0;0,024444893
1;1;0.0;1.0
0;0;0.9998863;0.00011366829
1;1;0.00016114149;0.9998388
0;0;1.0;0,000193788
0;0;0.9581278;0.041872226
1;1;7,61246E-21;1.0
1;1;2,46247E-13;1.0
0;0;1.0;0,065711427
0;0;1.0;0,008489376
1;1;0,0454763;0.9999995
1;1;8,29644E-30;1.0
0;0;0.9999945;55,085097
1;1;0.004511758;0.9954882
1;1;76,35945;0.9999236
0;0;0.9998056;0.00019445035
1;1;0.0;1.0
0;0;1.0;3,67083E-05
1;1;0.022216462;0.9777835
0;0;1.0;0,005809118
0;0;0.91238636;0.08761361
0;0;0.9071794;0.092820644
0;0;0.9565301;0.043469973
1;1;0.0;1.0
1;1;1,04648E-10;1.0
0;0;0.9998202;0.00017988971
1;1;4,83085E-06;1.0
0;0;0.99996173;383,01696
1;1;0,051595888;1.0
0;0;1.0;0,46610538
1;1;9,05874;0.9999094
0;0;1.0;0,003318355
1;1;0.0017455395;0.9982545
1;1;0.0;1.0
1;1;1,03548E-05;1.0
1;1;1,75636E-19;1.0
1;1;7,9774E-12;1.0
0;0;0.9970463;0.0029537347
1;1;6,22472E-05;1.0
0;0;0.9554934;0.044506572
1;1;0.067545615;0.9324544
0;0;1.0;0,00032225
0;0;1.0;0,004587791
0;0;0.9998983;0.00010172903
0;0;1.0;0,17251049
0;0;0.99996245;37,51984
0;0;0.99999845;15,345382
1;1;1,7506E-28;1.0
1;1;0,6262324;0.9999994
0;0;0.999729;0.00027097293
0;0;1.0;0,004156551
0;0;0.9219614;0.0780386
1;1;4,637984;0.99999535
0;0;0.96784514;0.032154873
1;1;0.38194075;0.6180593
0;0;0.9999988;11,773787
0;0;0.9187698;0.081230246
0;0;1.0;0,046973216
1;1;5,37335E-20;1.0
1;1;1,51586E-07;1.0
1;1;3,60163E-07;1.0
0;0;0.99722844;0.0027715627
1;1;0,000258303;1.0
1;1;3,4423E-05;1.0
1;1;2,43505E-23;1.0
0;0;0.999813;0.00018702101
0;0;0.99380577;0.006194223
1;1;0,08558368;0.9999999
0;0;1.0;0,01299198
1;1;0.00054942793;0.9994506
1;0;0.49396077;0.5060392
0;0;0.99999774;22,054344
1;1;78,90023;0.9999211
0;0;0.9999552;448,68524
1;1;0,000476812;1.0
0;0;1.0;0,44685603
0;0;0.9999956;44,204203
1;1;1,1212059;0.9999999
0;0;0.9999999;1,7784852
1;1;0.0;1.0
1;1;0.04082665;0.9591734
1;1;0.014062716;0.9859373
1;1;0,000635847;1.0
1;0;0.1609449;0.8390551
1;1;0.05041126;0.9495887
1;1;150,73515;0.999985
0;0;1.0;0,000389055
0;0;0.6531844;0.34681562
1;1;9,76476E-06;1.0
1;1;0.001692856;0.9983071
0;0;1.0;0,002843391
0;0;1.0;0,002093727
0;0;1.0;0,51106785
1;1;5,92246E-07;1.0
0;0;0.9999999;0,75641935
0;1;0.75786763;0.24213237
1;1;48,77492;0.99995124
1;1;7,21472E-09;1.0
0;0;0.99999976;0,2603344
0;0;0.99999905;0,9402285
0;0;0.90884733;0.09115268
1;1;6,12161E-10;1.0
0;0;0.9998952;0.000104754334
1;1;0.4652982;0.53470176
0;0;0.9999993;0,6686756
0;0;0.5195854;0.48041463
0;0;0.9193673;0.080632664
1;1;2,58335E-19;1.0
0;0;0.9999796;204,32319
1;1;1,97459E-22;1.0
1;1;0.07398;0.92602
0;0;1.0;0,000292911
1;1;304,86788;0.9999695
1;1;0,07148015;0.9999999
1;1;2,35936E-28;1.0
0;0;1.0;0,34046018
0;0;1.0;0,000407696
1;1;9,842721;0.9999901
1;1;0.0004573696;0.9995427
1;1;3,173146;0.9999968
0;0;0.79295504;0.2070449
0;0;0.9999473;527,31215
1;1;1,51028E-30;1.0
0;0;1.0;0,009597627
1;1;1,10522E-09;1.0
0;0;0.99999976;1,9585624
1;1;0.14131798;0.85868204
1;0;0.18960069;0.81039935
1;1;139,99039;0.99998605
0;0;0.9999999;0,06717385
0;0;0.9939008;0.0060992152
0;0;0.9996309;0.00036902612
0;0;1.0;0,011301754
0;0;0.73535657;0.26464343
0;0;0.9991627;0.00083738676
1;1;2,5038213;0.99999976
0;0;1.0;0,018365844
0;0;0.9999999;0,81736964
0;0;1.0;0,16658978
1;1;0.43288;0.56711996
0;0;0.9677424;0.032257617
0;0;0.9999999;1,7876404
1;1;0.0;1.0
0;0;1.0;0,088015675
0;0;1.0;0,000737817
1;1;0.04149622;0.9585037
0;0;0.99113256;0.008867424
1;1;4,35047E-30;1.0
0;0;0.561223;0.43877697
0;0;0.99999976;0,2377317
1;1;0,000501184;1.0
1;1;0.46012184;0.5398782
1;1;9,813984;0.9999902
0;0;0.99999917;0,0781661
1;1;8,86128E-30;1.0
0;0;0.94871163;0.05128837
1;1;0,039913433;1.0
0;0;0.9249621;0.07503795
0;0;1.0;0,000831718
0;0;1.0;0,056971965
1;1;0,000120104;1.0
0;0;0.9152041;0.08479585
0;0;0.98908305;0.0109169455
0;0;1.0;0,17173308
0;0;0.9904208;0.009579157
1;1;0.002814933;0.99718505
0;0;1.0;3,19424E-12
0;0;0.9999945;5,515469
0;0;0.9983059;0.0016940968
1;1;4,16332E-15;1.0
0;0;1.0;0,21332452
0;0;0.9999999;0,08006069
1;1;0,056550387;1.0
0;0;0.9999671;32,84826
1;1;0.0;1.0
1;1;1,53166E-06;1.0
1;1;0.0563757;0.9436243
1;1;0.015779968;0.9842201
1;1;0.022435784;0.9775643
1;1;0,06233492;0.9999999
0;0;0.9999846;154,14276
1;1;0.20347871;0.7965213
0;0;0.99996746;325,36343
0;0;1.0;0,000356979
0;0;0.9960187;0.003981294
1;1;0.13077684;0.8692232
1;0;0.31812587;0.68187416
0;0;1.0;0,02037981
1;1;0.04666005;0.95333993
0;0;0.999811;0.00018899539
1;1;0.055947926;0.9440521
0;0;1.0;0,014366958
1;1;0.0014507006;0.9985493
1;1;0.0;1.0
1;1;2,5334E-17;1.0
0;0;0.99981064;0.00018935362
1;1;0.0010920173;0.9989079
1;1;0.0005639449;0.9994361
0;0;0.9999976;2,400913
0;0;0.9996512;0.0003487558
0;0;0.9836715;0.016328435
0;0;0.9998196;0.00018047211
1;1;0.001755332;0.99824464
0;0;1.0;0,48028788
1;1;5,32292E-05;1.0
1;1;0.00013876389;0.99986124
0;0;0.96161157;0.038388405
1;1;1,28793E-12;1.0
1;1;156,96134;0.99998426
0;0;0.99206597;0.007934044
1;1;8,83285E-08;1.0
0;0;1.0;8,93696E-05
1;0;0.11260727;0.88739276
0;0;1.0;7,56961E-05
0;0;0.9999999;1,3262513
0;0;0.99999917;8,2315745
0;0;0.7358466;0.26415348
1;1;2,64898E-05;1.0
0;1;0.99996066;39,31472
0;0;0.9426545;0.057345476
1;1;0.0;1.0
1;1;7,17228E-15;1.0
0;0;0.9999995;4,8837455
0;0;0.78716516;0.21283488
1;1;0.0;1.0
1;1;0.043324158;0.9566758
0;0;0.9999988;11,701175
1;1;0.101087056;0.89891297
0;0;0.9999999;10,0787204
1;1;0,011032855;1.0
1;1;3,56369E-16;1.0
1;1;0,6427305;0.9999994
0;1;0.74686617;0.25313383
1;1;0,007912339;1.0
1;1;9,77329E-14;1.0
0;0;0.9997681;0.0002318875
1;1;2,33938E-26;1.0
1;1;0.00018298582;0.9998171
1;1;0.0049345144;0.9950655
1;1;0,000191793;1.0
1;1;0.0;1.0
0;0;0.99999976;2,2153472
0;0;0.9116136;0.088386364
0;0;0.92645746;0.07354258
0;0;0.9999999;1,6871729
0;0;1.0;0,016496133
0;0;1.0;0,038674655
1;1;0.3457509;0.65424913
0;0;0.9999987;13,630258
1;1;5,38235E-09;1.0
0;0;1.0;3,63017E-05
1;1;0,000140768;1.0
0;0;1.0;0,014083595
1;1;24,849671;0.9999975
0;0;0.9998491;0.00015085051
1;1;4,61932E-05;1.0
1;1;0.0003619715;0.99963796
1;1;2,26346E-06;1.0
0;0;1.0;0,28949088
1;1;236,63226;0.9999763
0;0;0.9998735;0.00012644575
1;1;4,0091E-20;1.0
0;0;0.9999169;83,08034
0;0;0.99998605;139,84654
1;1;0.0;1.0
0;0;0.98661405;0.013385901
1;1;1,6007154;0.9999999
1;1;0,00012262;1.0
0;0;0.9999901;9,894445
1;1;0.0017279907;0.99827194
1;1;0.0;1.0
1;1;0.01557523;0.9844247
0;0;1.0;0,54439322
0;0;1.0;1,12016E-06
1;1;1,5376924;0.9999999
0;0;0.7642831;0.23571685
0;0;0.5005439;0.49945608
0;0;1.0;0,000363981
0;0;0.9999999;11,7293574
1;1;1,80837E-06;1.0
0;0;0.999602;0.0003980121
0;0;0.9999999;0,08328679
0;0;0.99999976;2,1587952
1;1;0.130126;0.869874
1;1;0.17861268;0.82138735
1;1;0.0010057684;0.9989943
1;1;4,30586E-06;1.0
0;0;1.0;0,042053627
1;0;0.011328609;0.9886714
1;1;6,66514E-05;1.0
1;1;18,920895;0.9999981
1;1;0,035318874;1.0
1;1;1,14317E-08;1.0
1;1;0.0;1.0
0;1;0.7122564;0.28774357
1;1;0.0;1.0
0;0;1.0;0,29495297
0;0;0.9999573;426,55804
1;1;9,726417;0.9999902
1;1;4,48148E-25;1.0
0;1;0.9194359;0.080564104
0;0;1.0;0,20059298
1;1;0.008569594;0.99143046
1;1;0,004489677;1.0
0;0;0.99920565;0.0007943938
0;0;1.0;0,010144767
0;0;1.0;0,17236873
1;1;0,05453171;1.0
0;0;0.9914295;0.008570538
0;0;0.9998535;0.00014647233
1;1;2,14234E-22;1.0
1;1;0.0041322685;0.9958677
1;1;0.0;1.0
1;1;6,075768;0.9999939
0;0;1.0;0,006808255
0;0;0.99999964;4,1599367
0;0;1.0;6,68316E-06
0;0;0.9999999;0,07535666
1;1;0.0;1.0
0;0;0.99999845;16,006481
0;0;0.9999999;0,09144072
1;1;0.34255064;0.65744936
1;1;0.107375145;0.89262486
0;0;0.9845303;0.015469719
1;1;0.0035164023;0.99648356
1;1;0.0;1.0
0;0;1.0;0,003437434
1;1;3,81063E-19;1.0
0;0;0.9601583;0.039841708
1;1;0.34310097;0.65689903
0;0;1.0;3,83425E-05
1;1;0,13293254;1.0
0;0;0.9892184;0.010781541
0;0;0.95770323;0.042296767
0;0;0.9649546;0.035045393
0;0;0.99881566;0.0011843477
0;0;0.9621399;0.037860133
1;1;3,35493E-13;1.0
1;1;1,2335806;0.9999999
1;0;0.0047912523;0.9952088
0;0;0.9802336;0.01976643
0;0;0.9998419;0.00015808266
1;1;1,10025E-05;1.0
0;0;0.9999989;10,339633
0;0;1.0;0,009476443
0;0;0.99896455;0.0010355031
1;1;4,76964E-18;1.0
1;1;133,79455;0.99998665
0;0;1.0;0,004934078
1;0;0.29666743;0.70333254
1;1;3,36007E-07;1.0
1;1;0.0;1.0
0;1;0.9191584;0.080841616
1;1;1,98258E-11;1.0
1;1;64,43022;0.9999355
1;1;0.0022999789;0.99770004
1;0;0.05479015;0.94520986
1;1;7,96308E-06;1.0
0;0;0.9980318;0.0019682383
0;0;0.99929905;0.000700956
1;1;1,32351E-08;1.0
0;0;0.9990938;0.00090624497
0;0;0.6148939;0.38510612
1;0;0.059500918;0.9404991
0;0;0.9404614;0.05953866
1;1;148,27618;0.9999852
1;1;0,000331525;1.0
1;1;1,36669E-18;1.0
0;0;1.0;0,099547055
0;0;0.9999851;149,37427
1;1;0.22530518;0.77469486
1;1;2,9050045;0.99999976
1;1;4,36048E-19;1.0
1;1;10,982743;0.9999989
1;1;0.0;1.0
1;1;0.0;1.0
0;0;0.9999949;50,950703
1;1;0.015342142;0.9846578
1;1;0.0145224845;0.9854775
0;0;0.95791924;0.04208081
1;1;5,40027E-14;1.0
1;1;0.012908577;0.9870914
1;1;2,08369E-23;1.0
1;1;0.03493037;0.9650696
1;1;0.003232397;0.99676764
1;1;2,80873E-11;1.0
1;0;0.17518426;0.82481575
0;0;0.67762953;0.32237044
1;1;5,68215E-18;1.0
0;0;1.0;0,37913907
0;0;0.9907574;0.009242582
1;0;0.22327833;0.77672166
1;1;0,001660025;1.0
0;0;0.99999964;3,7162016
0;0;1.0;0,026126536
0;0;0.9999473;526,42332
1;1;5,17626E-05;1.0
1;1;0.0;1.0
1;1;7,66085E-05;1.0
1;1;0.0013085776;0.9986914
1;1;9,5669E-07;1.0
1;1;0.0;1.0
1;1;0.33705953;0.6629405
0;0;0.9999999;1,2240298
0;0;0.9999995;0,5140266
0;0;0.9999999;1,4789225
1;1;2,200166;0.99999785
1;1;6,05136E-21;1.0
0;0;1.0;0,001131493
1;1;1,69563E-11;1.0
1;1;0.0;1.0
1;1;0.15358531;0.8464147
0;0;0.979758;0.020241924
0;0;0.9676091;0.032390915
1;1;4,8746E-16;1.0
1;1;5,59202E-08;1.0
1;1;0.00042828848;0.99957174
1;1;0,03042624;1.0
1;1;62,522436;0.9999938
0;0;0.99999094;0,911285
0;0;1.0;0,12838928
0;0;0.8369218;0.16307822
0;0;0.9999509;490,66868
0;0;0.9741711;0.025828823
0;0;1.0;0,025526135
1;1;0,089002405;1.0
0;0;0.9627911;0.037208907
1;1;3,98229E-12;1.0
1;1;7,0344E-12;1.0
1;1;1,92511E-14;1.0
1;0;0.09766652;0.90233344
0;0;0.9999989;11,302901
0;0;0.9994618;0.00053816667
1;1;0,000172994;1.0
0;0;0.9999995;4,9353514
0;0;1.0;0,000602757
1;1;15,626852;0.99999845
0;0;0.97945595;0.020544026
1;0;0.1653484;0.8346516
0;0;1.0;0,001793187
1;0;0.03308673;0.9669133
0;0;1.0;0,000173681
0;0;1.0;0,04704677
1;1;2,56605E-12;1.0
0;0;1.0;0,033855552
1;1;0,001402177;1.0
1;1;0.0;1.0
1;1;0.11691157;0.8830884
1;1;0.4223969;0.5776031
0;0;1.0;0,009056432
0;0;0.9999999;1,3885257
1;1;0.03944972;0.9605503
1;1;5,87747E-08;1.0
0;0;1.0;6,43983E-08
1;1;3,6069E-09;1.0
1;1;0,00024367;1.0
1;1;1,06435E-06;1.0
1;1;58,16067;0.9999418
1;1;0.16055472;0.83944523
0;0;1.0;0,006049751
0;0;0.99999964;3,1794966
0;0;1.0;0,000103237
0;0;0.99997747;225,18112
0;0;0.9999962;37,553623
0;0;1.0;0,071896062
0;0;1.0;0,002562764
1;1;0,008679073;1.0
1;1;3,0402E-05;1.0
0;0;1.0;8,99678E-14
0;0;0.8794063;0.12059375
1;1;12,795263;0.9999987
1;1;2,6705E-16;1.0
0;0;1.0;0,15617877
1;1;0.0;1.0
1;1;2,06056E-10;1.0
1;1;0.0;1.0
1;1;2,99181E-05;1.0
0;0;1.0;6,28947E-06
1;0;0.40769857;0.5923015
1;1;0.0;1.0
1;1;1,2636607;0.9999999
1;1;0.029752027;0.970248
0;0;1.0;0,001879252
1;1;0,000223813;1.0
1;1;4,182027;0.9999958
1;1;0.0;1.0
0;0;0.9641277;0.03587235
1;1;172,95071;0.9999827
1;1;0,03829481;1.0
1;1;9,529838;0.99999046
0;0;0.9999994;0,6222545
0;0;0.9831455;0.01685451
0;0;1.0;6,59557E-05
0;0;0.92549336;0.07450663
0;0;0.9999963;36,604827
0;0;0.9600463;0.039953675
1;1;0.12174393;0.878256
1;1;0,15564051;1.0
0;0;1.0;4,27158E-05
0;0;0.99949086;0.0005090881
1;1;9,22328;0.99990773
1;1;8,3911E-22;1.0
0;0;1.0;0,002212315
0;0;0.97910976;0.020890234
1;1;0,00017254;1.0
1;1;76,28376;0.9999237
1;1;7,8846E-09;1.0
0;0;1.0;0,043951527
0;0;0.90337795;0.09662202
1;1;0.03656074;0.9634393
0;0;0.9999987;13,627607
1;0;0.07367361;0.9263264
1;1;0.030020181;0.9699799
0;0;0.9999949;5,182106
0;0;0.8973153;0.102684654
1;1;3,50972E-22;1.0
1;1;3,0581E-12;1.0
0;0;0.99567384;0.0043261168
1;1;1,78339E-29;1.0
0;0;1.0;0,16973848
1;1;554,78562;0.99994457
1;1;1,942755;0.9999981
0;0;1.0;0,041978216
0;0;0.97308964;0.026910333
1;1;0.0048697507;0.9951303
0;0;0.99999654;34,224327
1;1;0.0;1.0
0;0;1.0;0,000482286
0;0;0.99994755;52,43056
0;0;1.0;0,001680709
0;0;0.99999595;39,952324
0;0;0.9999751;249,53235
0;0;0.99975985;0.00024010085
0;0;0.9984036;0.0015964411
0;0;0.99999845;15,258671
0;0;1.0;0,001730231
0;0;0.907447;0.09255301
1;1;5,36186E-14;1.0
0;0;0.99995065;493,06982
1;1;0,5871386;0.9999994
0;0;0.99997354;26,40927
0;0;1.0;0,12353791
1;1;5,33552E-28;1.0
1;1;0.0;1.0
1;1;6,06032E-06;1.0
0;0;0.98344547;0.016554464
0;0;0.86135155;0.13864848
1;1;1,95736E-15;1.0
0;0;0.9672418;0.032758158
1;1;0,006703774;1.0
0;0;0.95931774;0.04068225
0;0;0.9690141;0.030985923
1;1;0,000570973;1.0
0;0;0.99997854;214,58942
0;0;0.99999917;8,5777464
1;1;0.041483995;0.958516
0;0;1.0;0,074365567
1;1;0,000202473;1.0
1;1;2,65601E-08;1.0
1;1;0,069931443;1.0
0;0;0.99999964;3,1459896
0;0;0.99999607;39,363326
1;1;1,60344E-15;1.0
1;1;1,69355E-17;1.0
0;0;1.0;0,50628177
1;1;5,2304E-06;1.0
0;0;0.99994385;561,47524
0;0;0.9999982;17,529486
1;1;2,221937;0.99999774
1;1;5,8353083;0.9999994
1;1;5,81928E-11;1.0
1;1;5,49804E-06;1.0
1;1;0.0;1.0
1;1;7,98767E-27;1.0
1;1;3,0865E-08;1.0
1;1;63,399843;0.9999937
0;0;1.0;0,011432032
0;0;0.9573221;0.042677805
0;0;0.9757273;0.024272675
1;1;0,053711444;1.0
0;0;0.79334134;0.20665869
1;1;0.0;1.0
1;1;0,86615465;0.9999999
0;0;1.0;0,001441743
1;1;5,10996E-13;1.0
0;0;1.0;0,001502872
1;1;3,75348E-05;1.0
0;0;0.9999999;0,81835715
0;0;0.9999993;7,6625145
0;0;0.84587187;0.15412812
1;1;0.0002210091;0.99977905
1;1;3,00639E-26;1.0
0;0;0.6773067;0.32269332
0;0;0.9584111;0.041588895
0;0;0.9213635;0.078636505
1;1;0.15878491;0.84121513
1;1;0,01232496;1.0
0;0;1.0;0,008728294
0;0;0.9465551;0.053444866
0;0;1.0;0,29797363
1;1;70,75644;0.9999292
0;0;0.9994648;0.00053514866
1;1;6,64167E-26;1.0
0;0;0.9988133;0.001186736
1;1;0.026871426;0.9731286
0;0;0.99999976;2,8349402
0;0;0.8681401;0.13185984
0;0;0.9630211;0.03697893
1;1;0,7767876;0.99999917
0;0;0.9997937;0.000206354
1;1;9,89476E-14;1.0
0;0;0.9852449;0.014754994
1;1;0.004720952;0.9952791
1;1;0.0;1.0
0;0;0.99065936;0.00934065
1;1;1,81454E-07;1.0
1;1;0.000116255425;0.9998838
1;1;3,92084E-15;1.0
1;1;4,144365;0.9999958
0;0;0.9378409;0.06215904
1;1;0.0060978364;0.9939022
1;1;0.19459127;0.8054087
1;1;0.15789743;0.8421026
0;0;1.0;0,15042357
0;0;0.9999999;0,08903963
0;0;1.0;0,000103978
1;1;1,39323E-10;1.0
1;1;0.23194456;0.76805544
1;1;1,93432E-05;1.0
0;0;1.0;0,02303963
0;0;0.9999726;274,26226
1;1;3,59932E-19;1.0
1;1;189,14881;0.99998105
1;1;0.0048054405;0.9951945
1;1;0,1866522;0.99999976
0;0;0.9999492;507,67245
0;0;1.0;0,000579144
0;0;1.0;1,29936E-05
1;1;7,32235E-11;1.0
0;0;0.99887663;0.0011233542
0;0;0.9991172;0.0008827985
0;0;0.9999999;1,6665025
1;1;3,32231E-07;1.0
0;0;0.99998474;152,53943
1;1;1,30444E-17;1.0
0;0;1.0;0,020244357
1;1;0,14530497;1.0
1;1;0,002892798;1.0
0;0;0.99996996;300,76582
0;0;0.999892;0.0001080407
0;0;1.0;0,00688509
0;0;1.0;9,83827E-06
0;0;1.0;0,036905512
0;0;0.9998047;0.00019533934
1;1;1,34359E-08;1.0
0;0;1.0;0,004365077
1;1;78,94773;0.9999211
0;0;1.0;0,003433227
1;1;11,504569;0.9999988
0;0;0.9552774;0.044722594
1;1;89,14806;0.99991083
1;1;1,32818485;1.0
0;0;1.0;0,17030436
0;0;0.9999993;6,7731435
0;0;1.0;1,94836E-05
1;1;0.023559542;0.9764405
0;0;0.99999964;3,5945158
1;1;229,81005;0.999977
1;1;0.0;1.0
0;0;1.0;0,001103557
1;1;0.006731735;0.9932682
0;0;1.0;0,000666563
1;1;0.24098003;0.75902
1;1;0.0002410946;0.9997589
0;0;0.9986652;0.0013347396
1;1;6,9292E-10;1.0
1;1;0.00017480049;0.9998252
1;1;1,64767E-06;1.0
0;0;0.9999366;634,19895
1;1;9,93251E-11;1.0
1;1;1,34613956;1.0
1;1;0.0;1.0
0;0;0.9556766;0.04432343
0;0;0.97213644;0.027863586
0;0;0.9413348;0.0586652
0;0;0.97831726;0.02168276
1;1;1,31397E-20;1.0
1;1;1,26379E-10;1.0
1;1;139,07091;0.99998605
1;1;0,60971004;0.9999999
0;1;0.9995147;0.0004853175
1;1;77,80928;0.99992216
1;1;1,20833E-07;1.0
1;1;0,008536827;1.0
0;0;0.6565761;0.3434239
0;0;1.0;0,18110557
0;0;0.99999356;64,859387
1;1;0.1118267;0.8881732
0;0;1.0;0,000753864
0;0;0.99999905;0,9844578
0;0;0.9221535;0.07784649
1;1;2,6319E-09;1.0
1;1;0,026787363;1.0
0;0;0.9443371;0.055662915
0;0;0.9997646;0.00023541534
0;0;0.93284494;0.06715513
1;1;0.0;1.0
1;1;0,26027521;1.0
1;1;36,04078;0.999964
1;1;0.0;1.0
0;0;0.99951994;0.00048001207
0;0;0.9999944;56,352906
0;0;1.0;0,007582272
1;1;0.0;1.0
0;0;0.9998723;0.00012767271
1;1;5,97226E-21;1.0
0;0;1.0;0,24980247
1;1;27,87031;0.9999721
1;1;0.0;1.0
0;0;0.99995446;455,56862
1;1;3,53428E-15;1.0
0;0;0.9998394;0.00016056297
1;1;4,00111E-27;1.0
0;0;0.97430205;0.025697986
0;0;0.99999726;26,854295
1;1;0.0;1.0
0;0;1.0;0,001003557
0;0;0.9999999;0,1687704
1;1;0.0;1.0
1;1;0.0;1.0
1;1;0,14587647;1.0
0;0;0.92617536;0.07382465
1;1;6,53412E-14;1.0
1;1;10,785499;0.9999989
1;1;1,2671023;0.9999999
1;0;0.28989348;0.7101065
1;1;8,75423E-16;1.0
0;0;0.9647292;0.03527073
0;0;0.99999964;3,6380837
0;0;0.99993694;630,47664
1;1;9,52647E-09;1.0
0;0;1.0;0,039565076
1;1;2,22403E-07;1.0
0;0;0.9995189;0.0004811179
1;1;1,95341E-08;1.0
0;0;1.0;0,006668134
1;1;0.0;1.0
1;1;0.004742681;0.9952573
0;0;0.99500257;0.004997457
1;1;8,47157E-30;1.0
1;1;10,834065;0.9999989
1;0;0.20688146;0.79311854
0;0;0.55050963;0.44949037
0;0;0.999858;0.00014197869
0;0;0.9994986;0.00050134264
0;0;1.0;0,00502166
1;1;9,03057E-24;1.0
1;1;72,85893;0.99992716
1;1;0,13863616;1.0
0;0;1.0;0,29453245
1;1;0.073140085;0.9268599
1;1;7,321836;0.9999927
0;0;0.9359036;0.064096436
0;0;0.97413886;0.025861131
1;1;0,000441547;1.0
1;1;0.00334957;0.9966504
0;0;0.9999993;7,6629823
1;1;1,21683E-24;1.0
1;1;0.00075020536;0.99924976
1;1;2,255045;0.99999774
0;0;0.9935015;0.006498544
0;0;1.0;0,000962664
0;0;1.0;0,028740452
1;1;0,3526145;0.99999964
1;1;3,26426E-07;1.0
0;0;1.0;0,001878262
1;1;1,25374E-20;1.0
1;1;0,001008753;1.0
1;1;2,3842534;0.99999976
1;0;0.4736908;0.52630925
1;1;1,07936E-28;1.0
0;0;0.9999896;103,20863
0;0;1.0;0,21852545
0;0;1.0;0,030088156
0;0;0.9808928;0.019107232
0;0;0.9999865;134,79811
1;1;2,54243E-06;1.0
1;1;0.42145547;0.5785445
0;0;0.9999844;155,61041
1;1;0.0016523809;0.99834764
1;1;0,00232947;1.0
1;1;1,3883E-25;1.0
1;1;9,57941E-18;1.0
1;1;1,78951E-05;1.0
0;0;0.6383951;0.3616049
0;0;0.999997;29,731561
0;0;0.99340504;0.006595031
1;1;6,95744E-08;1.0
0;0;0.8951738;0.10482627
1;1;3,90027E-09;1.0
0;0;1.0;0,02985055
0;0;1.0;8,67866E-06
1;0;0.22665004;0.77334994
1;1;0.058493275;0.9415067
0;0;1.0;0,009206175
1;1;2,71212E-06;1.0
0;0;1.0;0,041663855
1;1;7,08953E-21;1.0
1;1;2,25134E-05;1.0
0;0;0.99999416;58,126307
0;0;0.87169206;0.12830795
1;1;1,67128E-22;1.0
1;1;1,31582E-08;1.0
0;0;0.99254155;0.0074583734
0;0;1.0;0,000270649
0;0;0.99910563;0.0008943045
0;0;0.9779652;0.022034781
1;1;3,17032E-05;1.0
0;0;0.8842836;0.115716405
0;0;0.9999999;1,7396955
0;0;0.9999858;142,11001
1;1;0.0;1.0
1;1;1,61053E-06;1.0
0;0;0.99999976;2,3701905
1;1;0,00495652;1.0
1;1;1,07465E-16;1.0
0;0;0.99999976;2,0763547
0;0;0.9999999;0,06095019
0;0;1.0;0,41765002
0;0;1.0;0,000914474
1;1;1,42122E-14;1.0
1;1;1,47369E-26;1.0
0;0;0.9918468;0.008153117
0;0;0.95751226;0.042487707
1;1;4,3375792;0.9999995
0;0;0.99978346;0.00021653433
1;1;0.00015418215;0.99984574
1;1;8,52848E-06;1.0
1;1;0,002309519;1.0
0;0;0.99866104;0.0013389928
0;0;0.9845196;0.015480455
1;1;6,73334E-05;1.0
0;0;0.9999976;23,576836
1;0;0.3498838;0.6501162
0;0;0.9999994;0,0617076
0;0;0.9939049;0.0060950946
1;1;0.0001118031;0.9998882
0;1;0.7860307;0.21396925
1;1;0.3178209;0.68217915
1;1;5,76116E-11;1.0
1;1;9,71886E-07;1.0
1;1;26,51157;0.99997354
1;1;6,7921604;0.9999993
1;0;0.43672785;0.5632721
0;0;1.0;1,54786E-06
0;0;0.99999964;0,3996446
1;1;0,08449097;0.9999999
1;0;0.030040203;0.9699598
1;1;9,21454E-32;1.0
0;0;1.0;0,001920216
1;1;0.0;1.0
0;0;1.0;0,014974534
0;0;0.9999924;75,919684
1;1;0.0;1.0
1;1;0.0;1.0
1;1;2,8937E-08;1.0
1;1;0.05566037;0.9443397
1;1;0.3841707;0.6158293
1;1;0,000283483;1.0
0;0;1.0;0,004899182
0;0;0.9999982;17,829766
1;1;1,08978E-07;1.0
1;1;0.0001431479;0.9998568
0;0;1.0;6,38138E-05
0;0;0.9976597;0.0023403396
1;1;0.010015075;0.989985
0;0;0.9233133;0.07668663
1;1;1,34823E-20;1.0
1;1;0.00052698236;0.99947304
1;1;2,03736E-30;1.0
0;0;1.0;0,13110945
0;0;0.99997354;26,44188
0;0;0.9707818;0.029218178
0;0;0.9999715;284,45906
0;0;0.9824154;0.017584648
1;1;6,77725E-15;1.0
1;1;118,23368;0.9999882
1;1;0.15711516;0.84288484
1;1;560,26223;0.999944
0;0;0.99914944;0.0008505122
0;0;0.7524184;0.24758159
1;1;0,034321992;1.0
1;1;474,17292;0.99995255
1;1;0.021455683;0.9785443
1;1;1,45898E-17;1.0
0;0;0.9999585;414,45837
0;0;1.0;1,2626E-05
0;0;0.9999864;136,14353
1;1;1,05438E-07;1.0
1;0;0.40976223;0.5902378
1;1;1,54699E-18;1.0
0;0;1.0;0,025427103
0;0;0.999915;84,98948
1;1;5,7225145;0.9999994
1;1;7,52417E-29;1.0
0;0;1.0;0,03236621
0;0;1.0;3,41744E-12
0;0;0.9860832;0.013916808
1;1;2,56423E-11;1.0
0;0;0.98544484;0.014555224
1;1;0.0;1.0
0;0;0.94377553;0.056224436
1;1;2,49689E-07;1.0
0;0;1.0;0,007915897
1;1;3,1633E-07;1.0
1;1;0.0018306109;0.9981694
1;0;0.45342532;0.5465747
0;0;0.99999714;28,416334
1;1;2,23175E-09;1.0
1;1;0,2998551;0.99999964
1;1;0.0;1.0
1;1;2,3293E-13;1.0
1;1;2,02192E-09;1.0
0;0;0.9999999;1,0039006
0;0;1.0;0,020138067
0;0;0.9743367;0.025663288
0;0;0.9999435;564,52474
0;0;0.9884799;0.011520066
1;1;0,000939276;1.0
1;1;2,99201E-23;1.0
1;1;0.0;1.0
0;0;0.70051944;0.29948053
1;1;0,065764967;1.0
0;0;1.0;0,20941684
1;1;0.0;1.0
1;1;119,75658;0.9999881
0;0;0.99999785;20,963578
1;1;4,74571E-14;1.0
0;0;0.99999976;0,2886573
0;0;0.99802065;0.001979389
0;0;1.0;0,40579906
0;0;1.0;0,004228888
1;1;0,007956469;1.0
0;0;1.0;0,16109153
1;1;0.0;1.0
0;0;1.0;0,03670735
0;0;1.0;0,02981692
1;1;0,6090139;0.9999994
1;0;0.18040724;0.8195928
1;1;2,20129E-12;1.0
0;0;1.0;0,57759234
0;0;0.99999964;3,1505957
1;1;1,17684E-15;1.0
0;0;0.95197666;0.04802336
1;1;1,11387095;1.0
1;1;37,50971;0.99996245
1;1;0.0;1.0
1;1;3,03233E-09;1.0
0;0;0.9599182;0.04008186
0;0;1.0;0,004462136
1;1;2,18658E-05;1.0
0;0;0.89770377;0.10229621
1;1;0.0;1.0
0;0;1.0;0,025106244
1;1;0.0;1.0
1;1;0.0;1.0
1;1;0.0;1.0
0;0;0.93696976;0.06303021
1;1;0,021532873;1.0
1;1;12,386809;0.9999988
0;0;0.9540674;0.045932572
1;1;0.10615175;0.8938482
0;0;0.9924224;0.0075775995
0;0;1.0;1,53846E-05
0;0;1.0;0,002969385
0;0;0.99998987;101,41416
1;1;4,74778E-18;1.0
0;0;0.99999917;8,4188525
1;1;0.005972192;0.99402785
1;1;0.33545068;0.66454935
0;0;0.9998122;0.00018788142
0;0;0.97527224;0.024727803
1;1;2,58198E-20;1.0
0;0;0.9971194;0.0028805523
0;0;0.9999999;0,80601545
0;0;0.9206482;0.07935178
1;1;0.00047530374;0.9995247
0;0;0.9984792;0.0015208452
0;0;0.9628511;0.03714897
0;0;0.99999964;3,2808254
1;1;2,75252E-05;1.0
0;0;1.0;0,000771482
0;0;0.9999999;1,5134079
1;0;0.09418992;0.90581006
0;0;0.5136758;0.4863242
0;0;1.0;0,000156991
1;1;0.0;1.0
0;0;1.0;0,000544171
0;0;1.0;5,66468E-05
0;0;1.0;0,000807323
0;0;0.9213593;0.07864063
1;1;7,68472E-09;1.0
0;0;0.9995814;0.0004185951
0;0;0.9999999;1,7603821
0;0;0.9988906;0.0011094243
0;0;0.77336776;0.22663224
0;0;0.99999833;17,006455
0;0;1.0;2,65798E-05
1;1;1,52891E-05;1.0
1;1;0.00037405067;0.9996259
0;0;1.0;0,002447749
1;0;0.24985391;0.7501461
1;1;0.00012973411;0.9998703
